,Mean absolute error train,Mean squared error train,R2 score train,Mean absolute error test,Mean squared error test,R2 score test
0,0.13123914852092355,0.1502928826277953,1.0,0.1083531170496171,0.037770079861391054,0.9920711262937973
