,Mean absolute error train,Mean squared error train,R2 score train,Mean absolute error test,Mean squared error test,R2 score test
0,0.09431833766551692,0.09156400535445183,1.0,0.12150317160164531,0.08550994794244174,0.9820493475166664
