,Mean absolute error train,Mean squared error train,R2 score train,Mean absolute error test,Mean squared error test,R2 score test
0,0.6239338222501422,1.3000967193993145,1.0,0.670902636271095,1.5631139084044565,0.671863739403505
