,Mean absolute error train,Mean squared error train,R2 score train,Mean absolute error test,Mean squared error test,R2 score test
0,0.04388488475550732,0.0038913876188730965,1.0,0.10721472220858727,0.02311240126968795,0.9951481354715969
