,Mean absolute error train,Mean squared error train,R2 score train,Mean absolute error test,Mean squared error test,R2 score test
0,0.1043940074340243,0.11648574353469637,1.0,0.22416348613136855,0.1667161614498867,0.9650021553099685
