,Mean absolute error train,Mean squared error train,R2 score train,Mean absolute error test,Mean squared error test,R2 score test
0,0.032679512316711755,0.002411194246757146,1.0,0.681706772269705,1.1322553104470978,0.7623116129841897
