,Mean absolute error train,Mean squared error train,R2 score train,Mean absolute error test,Mean squared error test,R2 score test
0,0.02772581861787993,0.002029952252687868,1.0,0.23558458852303896,0.16450855616698815,0.9654655862464527
