,Mean absolute error train,Mean squared error train,R2 score train,Mean absolute error test,Mean squared error test,R2 score test
0,0.1649157807563865,0.17253187254116253,1.0,0.1856720916818103,0.13784802545374578,0.9710622908798925
